<?xml version="1.0"?>
<!--<!DOCTYPE metadata SYSTEM "http://www.esri.com/metadata/esriprof80.dtd">-->
<metadata xml:lang="es"><Esri><CreaDate>20080402</CreaDate><CreaTime>14241600</CreaTime><SyncOnce>TRUE</SyncOnce><MetaID>{08A64247-057E-415A-AF50-5EDEA8CE300B}</MetaID></Esri><idinfo><citation><citeinfo><onlink Sync="TRUE">\\LIDIA\C$\Cartotematica\Unidad8\Provincias</onlink></citeinfo></citation></idinfo><distInfo><distributor><distorTran><onLineSrc><linkage Sync="TRUE">file://\\LIDIA\C$\Cartotematica\Unidad8\Provincias</linkage><protocol Sync="TRUE">Local Area Network</protocol></onLineSrc></distorTran></distributor></distInfo><dataqual><lineage><procstep><procdesc Sync="TRUE">Dataset copiado.</procdesc><srcused Sync="TRUE">C:\Cartotematica\u8_pr_vol\Provincias</srcused><date Sync="TRUE">20080402</date><time Sync="TRUE">14241600</time></procstep></lineage></dataqual></metadata>
