<?xml version="1.0"?>
<!--<!DOCTYPE metadata SYSTEM "http://www.esri.com/metadata/esriprof80.dtd">-->
<metadata xml:lang="es"><Esri><CreaDate>20080402</CreaDate><CreaTime>14222100</CreaTime><SyncOnce>TRUE</SyncOnce><MetaID>{5646198D-7837-4F4C-B091-97C350D0549B}</MetaID></Esri><idinfo><citation><citeinfo><onlink Sync="TRUE">\\LIDIA\C$\Cartotematica\Unidad8\provincias_6mCopiar</onlink></citeinfo></citation></idinfo><distInfo><distributor><distorTran><onLineSrc><linkage Sync="TRUE">file://\\LIDIA\C$\Cartotematica\Unidad8\provincias_6mCopiar</linkage><protocol Sync="TRUE">Local Area Network</protocol></onLineSrc></distorTran></distributor></distInfo><dataqual><lineage><procstep><procdesc Sync="TRUE">Dataset copiado.</procdesc><srcused Sync="TRUE">C:\Cartotematica\Unidad8\provincias_6m</srcused><date Sync="TRUE">20080402</date><time Sync="TRUE">14222100</time></procstep></lineage></dataqual></metadata>
