<?xml version="1.0"?>
<!--<!DOCTYPE metadata SYSTEM "http://www.esri.com/metadata/esriprof80.dtd">-->
<metadata xml:lang="es"><Esri><CreaDate>20080402</CreaDate><CreaTime>14041100</CreaTime><SyncOnce>TRUE</SyncOnce><MetaID>{5AF89FDC-6432-4F0B-A123-A7A076C9C060}</MetaID></Esri><idinfo><citation><citeinfo><onlink Sync="TRUE">\\LIDIA\C$\Cartotematica\u8_pr_vol\ProvinciasCopiar</onlink></citeinfo></citation></idinfo><distInfo><distributor><distorTran><onLineSrc><linkage Sync="TRUE">file://\\LIDIA\C$\Cartotematica\u8_pr_vol\ProvinciasCopiar</linkage><protocol Sync="TRUE">Local Area Network</protocol></onLineSrc></distorTran></distributor></distInfo><dataqual><lineage><procstep><procdesc Sync="TRUE">Dataset copiado.</procdesc><srcused Sync="TRUE">C:\Cartotematica\u8_pr_vol\Provincias</srcused><date Sync="TRUE">20080402</date><time Sync="TRUE">14041100</time></procstep></lineage></dataqual></metadata>
